{"cameraMode":{"drawMode":0,"name":"Shaded","section":"Shading Mode"},"sceneLighting":false,"audioPlay":false,"sceneViewState":{"m_AlwaysRefresh":false,"showFog":true,"showSkybox":false,"showFlares":true,"showImageEffects":true,"showParticleSystems":true,"showVisualEffectGraphs":true,"m_FxEnabled":true},"in2DMode":false,"pivot":{"x":0.3376660943031311,"y":1.0213148593902588,"z":2.8487935066223146},"rotation":{"x":-0.40392524003982546,"y":-0.0005531851784326136,"z":0.00019966033869422972,"w":-0.9147786498069763},"size":0.7594168186187744,"orthographic":false}