{"cameraMode":{"drawMode":0,"name":"Shaded","section":"Shading Mode"},"sceneLighting":false,"audioPlay":false,"sceneViewState":{"m_AlwaysRefresh":false,"showFog":true,"showSkybox":false,"showFlares":true,"showImageEffects":true,"showParticleSystems":true,"showVisualEffectGraphs":true,"m_FxEnabled":true},"in2DMode":false,"pivot":{"x":-0.46971723437309267,"y":0.8438280820846558,"z":2.9516448974609377},"rotation":{"x":-0.2363089919090271,"y":0.04312990978360176,"z":-0.010541150346398354,"w":-0.9706607460975647},"size":1.1391257047653199,"orthographic":false}