{"cameraMode":{"drawMode":0,"name":"Shaded","section":"Shading Mode"},"sceneLighting":false,"audioPlay":false,"sceneViewState":{"m_AlwaysRefresh":false,"showFog":true,"showSkybox":false,"showFlares":true,"showImageEffects":true,"showParticleSystems":true,"showVisualEffectGraphs":true,"m_FxEnabled":true},"in2DMode":false,"pivot":{"x":-0.8375447988510132,"y":0.22478628158569337,"z":11.869979858398438},"rotation":{"x":-0.4483097195625305,"y":-0.33185794949531557,"z":0.18376445770263673,"w":-0.8093863725662231},"size":2.7164435386657717,"orthographic":false}