{"cameraMode":{"drawMode":0,"name":"Shaded","section":"Shading Mode"},"sceneLighting":false,"audioPlay":false,"sceneViewState":{"m_AlwaysRefresh":false,"showFog":true,"showSkybox":false,"showFlares":true,"showImageEffects":true,"showParticleSystems":true,"showVisualEffectGraphs":true,"m_FxEnabled":true},"in2DMode":false,"pivot":{"x":-0.0051604583859443668,"y":0.8951725959777832,"z":3.0204384326934816},"rotation":{"x":-0.09911088645458222,"y":-0.02595832571387291,"z":0.0025471621192991735,"w":-0.9947315454483032},"size":0.4723303020000458,"orthographic":false}